"family","species","unique_id","n","sqrt_n","slope","shift_of_min_sm","study_id"
"Clupeidae","Alosa pseudoharengus","Alosa pseudoharengus 123 NA",10,3.16227766016838,0.0441366616852013,3.34,123
"Clupeidae","Alosa pseudoharengus","Alosa pseudoharengus 180 NA",25,5,-0.00180683746423562,3.34,180
"Clupeidae","Alosa pseudoharengus","Alosa pseudoharengus 213 NA",48,6.92820323027551,-0.00588025511552429,3.34,213
"Clupeidae","Alosa pseudoharengus","Alosa pseudoharengus 227 NA",4,2,-0.36063000848009,3.34,227
"Clupeidae","Alosa pseudoharengus","Alosa pseudoharengus 288 NA",26,5.09901951359278,0.0591750218834385,3.34,288
"Clupeidae","Alosa sapidissima","Alosa sapidissima 119 NA",40,6.32455532033676,0.0308486307517719,0,119
"Clupeidae","Alosa sapidissima","Alosa sapidissima 123 NA",10,3.16227766016838,0.128648981099998,0,123
"Clupeidae","Alosa sapidissima","Alosa sapidissima 178 NA",31,5.56776436283002,0,0,178
"Clupeidae","Alosa sapidissima","Alosa sapidissima 180 NA",25,5,0.0307156584009561,0,180
"Clupeidae","Alosa sapidissima","Alosa sapidissima 213 NA",46,6.78232998312527,-0.00814452252043435,0,213
"Clupeidae","Alosa sapidissima","Alosa sapidissima 288 NA",16,4,0.12609766197073,0,288
"Rajidae","Amblyraja radiata","Amblyraja radiata 119 NA",41,6.40312423743285,0.00832218557508159,0,119
"Rajidae","Amblyraja radiata","Amblyraja radiata 123 NA",10,3.16227766016838,-0.16016956584978,0,123
"Rajidae","Amblyraja radiata","Amblyraja radiata 180 NA",26,5.09901951359278,0.029821356971836,0,180
"Rajidae","Amblyraja radiata","Amblyraja radiata 184 NA",5,2.23606797749979,0,0,184
"Rajidae","Amblyraja radiata","Amblyraja radiata 213 NA",47,6.85565460040104,-0.0361628553793215,0,213
"Rajidae","Amblyraja radiata","Amblyraja radiata 288 NA",28,5.29150262212918,0.0221932478005007,0,288
"Lotidae","Brosme brosme","Brosme brosme 119 NA",40,6.32455532033676,-0.0619949197881568,2.56,119
"Lotidae","Brosme brosme","Brosme brosme 176 NA",4,2,-0.207875384259657,2.56,176
"Lotidae","Brosme brosme","Brosme brosme 180 NA",25,5,-0.0426615576621796,2.56,180
"Lotidae","Brosme brosme","Brosme brosme 213 NA",48,6.92820323027551,-0.038607358789964,2.56,213
"Lotidae","Brosme brosme","Brosme brosme 288 NA",13,3.60555127546399,0.000385095214740672,2.56,288
"Lotidae","Brosme brosme","Brosme brosme 466 NA",21,4.58257569495584,-0.0753586658456085,2.56,466
"Clupeidae","Clupea harengus","Clupea harengus 110 NA",4,2,0,0,110
"Clupeidae","Clupea harengus","Clupea harengus 119 NA",41,6.40312423743285,0.0428648388064961,0,119
"Clupeidae","Clupea harengus","Clupea harengus 123 NA",10,3.16227766016838,-0.0464273303424098,0,123
"Clupeidae","Clupea harengus","Clupea harengus 128 NA",5,2.23606797749979,0,0,128
"Clupeidae","Clupea harengus","Clupea harengus 176 NA",8,2.82842712474619,0.0809235909713995,0,176
"Clupeidae","Clupea harengus","Clupea harengus 213 NA",48,6.92820323027551,0.0453319490922432,0,213
"Clupeidae","Clupea harengus","Clupea harengus 288 NA",27,5.19615242270663,0.0374806427192516,0,288
"Clupeidae","Clupea harengus","Clupea harengus 428 1",3,1.73205080756888,-0.0425043142961776,0,428
"Clupeidae","Clupea harengus","Clupea harengus 428 111",7,2.64575131106459,-0.0357143358750292,0,428
"Clupeidae","Clupea harengus","Clupea harengus 428 112",25,5,-0.0120515855694165,0,428
"Clupeidae","Clupea harengus","Clupea harengus 428 113",7,2.64575131106459,-0.0789869121542714,0,428
"Clupeidae","Clupea harengus","Clupea harengus 428 116",4,2,0.0054584729644194,0,428
"Clupeidae","Clupea harengus","Clupea harengus 428 12",4,2,0.0242552111698101,0,428
"Clupeidae","Clupea harengus","Clupea harengus 428 122",13,3.60555127546399,0.00709190740062164,0,428
"Clupeidae","Clupea harengus","Clupea harengus 428 14",3,1.73205080756888,-0.0438493875334002,0,428
"Clupeidae","Clupea harengus","Clupea harengus 428 142",3,1.73205080756888,0,0,428
"Clupeidae","Clupea harengus","Clupea harengus 428 15",4,2,0.025062656641604,0,428
"Clupeidae","Clupea harengus","Clupea harengus 428 151",8,2.82842712474619,-0.0322074822688261,0,428
"Clupeidae","Clupea harengus","Clupea harengus 428 152",10,3.16227766016838,-0.0137731813122158,0,428
"Clupeidae","Clupea harengus","Clupea harengus 428 153",4,2,0.0626594481492839,0,428
"Clupeidae","Clupea harengus","Clupea harengus 428 16",12,3.46410161513775,-0.016624907371163,0,428
"Clupeidae","Clupea harengus","Clupea harengus 428 161",6,2.44948974278318,0.028572430750337,0,428
"Clupeidae","Clupea harengus","Clupea harengus 428 162",3,1.73205080756888,0.0984555984555989,0,428
"Clupeidae","Clupea harengus","Clupea harengus 428 163",7,2.64575131106459,-0.0160006397361505,0,428
"Clupeidae","Clupea harengus","Clupea harengus 428 164",8,2.82842712474619,-0.0343908911324471,0,428
"Clupeidae","Clupea harengus","Clupea harengus 428 171",6,2.44948974278318,0.00540693541466428,0,428
"Clupeidae","Clupea harengus","Clupea harengus 428 172",5,2.23606797749979,0.0147371520408591,0,428
"Clupeidae","Clupea harengus","Clupea harengus 428 173",5,2.23606797749979,0.0463400625519728,0,428
"Clupeidae","Clupea harengus","Clupea harengus 428 174",7,2.64575131106459,0.0890859655841046,0,428
"Clupeidae","Clupea harengus","Clupea harengus 428 178",6,2.44948974278318,0.00514789790427118,0,428
"Clupeidae","Clupea harengus","Clupea harengus 428 179",6,2.44948974278318,0.0479940960227846,0,428
"Clupeidae","Clupea harengus","Clupea harengus 428 181",9,3,-0.0124585480494773,0,428
"Clupeidae","Clupea harengus","Clupea harengus 428 182",12,3.46410161513775,-0.00459961832905275,0,428
"Clupeidae","Clupea harengus","Clupea harengus 428 183",8,2.82842712474619,-0.0228098961673078,0,428
"Clupeidae","Clupea harengus","Clupea harengus 428 185",8,2.82842712474619,-0.0333830896819524,0,428
"Clupeidae","Clupea harengus","Clupea harengus 428 191",6,2.44948974278318,0.0830488506020322,0,428
"Clupeidae","Clupea harengus","Clupea harengus 428 192",5,2.23606797749979,-0.000268459754914761,0,428
"Clupeidae","Clupea harengus","Clupea harengus 428 194",7,2.64575131106459,-0.0341429181667712,0,428
"Clupeidae","Clupea harengus","Clupea harengus 428 195",8,2.82842712474619,-0.0286791153881322,0,428
"Clupeidae","Clupea harengus","Clupea harengus 428 196",3,1.73205080756888,0.241935483870999,0,428
"Clupeidae","Clupea harengus","Clupea harengus 428 197",9,3,-0.0370783854531496,0,428
"Clupeidae","Clupea harengus","Clupea harengus 428 198",5,2.23606797749979,0.0105635980232435,0,428
"Clupeidae","Clupea harengus","Clupea harengus 428 199",11,3.3166247903554,-0.0263948246898229,0,428
"Clupeidae","Clupea harengus","Clupea harengus 428 2",5,2.23606797749979,0.0223130846996749,0,428
"Clupeidae","Clupea harengus","Clupea harengus 428 20",4,2,0.000294334069168538,0,428
"Clupeidae","Clupea harengus","Clupea harengus 428 200",5,2.23606797749979,-0.0962900086004685,0,428
"Clupeidae","Clupea harengus","Clupea harengus 428 201",5,2.23606797749979,0.0146254446202748,0,428
"Clupeidae","Clupea harengus","Clupea harengus 428 202",5,2.23606797749979,-0.0338915550250804,0,428
"Clupeidae","Clupea harengus","Clupea harengus 428 211",4,2,-0.0111832373960311,0,428
"Clupeidae","Clupea harengus","Clupea harengus 428 216",3,1.73205080756888,-0.140287769784177,0,428
"Clupeidae","Clupea harengus","Clupea harengus 428 217",3,1.73205080756888,-0.0117030459970955,0,428
"Clupeidae","Clupea harengus","Clupea harengus 428 218",3,1.73205080756888,0.100700628347038,0,428
"Clupeidae","Clupea harengus","Clupea harengus 428 219",4,2,-0.0295832094539033,0,428
"Clupeidae","Clupea harengus","Clupea harengus 428 231",6,2.44948974278318,0.107103699749785,0,428
"Clupeidae","Clupea harengus","Clupea harengus 428 234",3,1.73205080756888,0.321428571428594,0,428
"Clupeidae","Clupea harengus","Clupea harengus 428 235",6,2.44948974278318,-0.0445590313313207,0,428
"Clupeidae","Clupea harengus","Clupea harengus 428 251",8,2.82842712474619,-0.0295647601933768,0,428
"Clupeidae","Clupea harengus","Clupea harengus 428 252",10,3.16227766016838,-0.0338360915832288,0,428
"Clupeidae","Clupea harengus","Clupea harengus 428 253",20,4.47213595499958,-0.0104360338663848,0,428
"Clupeidae","Clupea harengus","Clupea harengus 428 254",15,3.87298334620742,-0.00891325250767605,0,428
"Clupeidae","Clupea harengus","Clupea harengus 428 257",9,3,0.00988832479193939,0,428
"Clupeidae","Clupea harengus","Clupea harengus 428 259",4,2,0.0663316582914573,0,428
"Clupeidae","Clupea harengus","Clupea harengus 428 260",4,2,-0.00895487478891888,0,428
"Clupeidae","Clupea harengus","Clupea harengus 428 271",23,4.79583152331272,-0.00588386308413267,0,428
"Clupeidae","Clupea harengus","Clupea harengus 428 272",7,2.64575131106459,0.016759748922266,0,428
"Clupeidae","Clupea harengus","Clupea harengus 428 274",8,2.82842712474619,0.00101428367156745,0,428
"Clupeidae","Clupea harengus","Clupea harengus 428 276",4,2,-0.10649955403405,0,428
"Clupeidae","Clupea harengus","Clupea harengus 428 277",3,1.73205080756888,-0.025851504590586,0,428
"Clupeidae","Clupea harengus","Clupea harengus 428 291",9,3,-0.00956258724988359,0,428
"Clupeidae","Clupea harengus","Clupea harengus 428 292",22,4.69041575982343,-0.0266194287036013,0,428
"Clupeidae","Clupea harengus","Clupea harengus 428 293",10,3.16227766016838,-0.0328604246182288,0,428
"Clupeidae","Clupea harengus","Clupea harengus 428 294",7,2.64575131106459,-0.0835882969154981,0,428
"Clupeidae","Clupea harengus","Clupea harengus 428 295",9,3,-0.0202727795356432,0,428
"Clupeidae","Clupea harengus","Clupea harengus 428 296",25,5,-0.0112504803606282,0,428
"Clupeidae","Clupea harengus","Clupea harengus 428 3",5,2.23606797749979,-0.0381855441818071,0,428
"Clupeidae","Clupea harengus","Clupea harengus 428 304",3,1.73205080756888,-0.0207168883135446,0,428
"Clupeidae","Clupea harengus","Clupea harengus 428 305",3,1.73205080756888,0.0686263516307527,0,428
"Clupeidae","Clupea harengus","Clupea harengus 428 307",6,2.44948974278318,0.097853327353453,0,428
"Clupeidae","Clupea harengus","Clupea harengus 428 308",7,2.64575131106459,-0.0281870080738857,0,428
"Clupeidae","Clupea harengus","Clupea harengus 428 31",6,2.44948974278318,-0.00483900415921879,0,428
"Clupeidae","Clupea harengus","Clupea harengus 428 32",8,2.82842712474619,0.0228115915031587,0,428
"Clupeidae","Clupea harengus","Clupea harengus 428 321",8,2.82842712474619,-0.0217328014100617,0,428
"Clupeidae","Clupea harengus","Clupea harengus 428 322",4,2,0.0379471687495459,0,428
"Clupeidae","Clupea harengus","Clupea harengus 428 324",3,1.73205080756888,-0.198759928737429,0,428
"Clupeidae","Clupea harengus","Clupea harengus 428 326",3,1.73205080756888,-0.0106043926994014,0,428
"Clupeidae","Clupea harengus","Clupea harengus 428 327",3,1.73205080756888,0,0,428
"Clupeidae","Clupea harengus","Clupea harengus 428 341",5,2.23606797749979,-0.0294219470723656,0,428
"Clupeidae","Clupea harengus","Clupea harengus 428 342",3,1.73205080756888,-0.00603410611543261,0,428
"Clupeidae","Clupea harengus","Clupea harengus 428 343",17,4.12310562561766,-0.0263420793272325,0,428
"Clupeidae","Clupea harengus","Clupea harengus 428 344",5,2.23606797749979,0.0360118149893816,0,428
"Clupeidae","Clupea harengus","Clupea harengus 428 345",8,2.82842712474619,-0.007588298427719,0,428
"Clupeidae","Clupea harengus","Clupea harengus 428 346",4,2,-0.0187811774324606,0,428
"Clupeidae","Clupea harengus","Clupea harengus 428 348",9,3,-0.00547868683396335,0,428
"Clupeidae","Clupea harengus","Clupea harengus 428 349",8,2.82842712474619,0.0132376411431002,0,428
"Clupeidae","Clupea harengus","Clupea harengus 428 361",4,2,-0.0496725445014974,0,428
"Clupeidae","Clupea harengus","Clupea harengus 428 362",5,2.23606797749979,0.0623700634840253,0,428
"Clupeidae","Clupea harengus","Clupea harengus 428 363",5,2.23606797749979,-0.0339454267631834,0,428
"Clupeidae","Clupea harengus","Clupea harengus 428 364",6,2.44948974278318,-0.0167680759578367,0,428
"Clupeidae","Clupea harengus","Clupea harengus 428 366",3,1.73205080756888,0,0,428
"Clupeidae","Clupea harengus","Clupea harengus 428 367",3,1.73205080756888,0.166666666666705,0,428
"Clupeidae","Clupea harengus","Clupea harengus 428 56",3,1.73205080756888,0.093264274253714,0,428
"Clupeidae","Clupea harengus","Clupea harengus 428 57",4,2,0.072717122655465,0,428
"Clupeidae","Clupea harengus","Clupea harengus 428 65",3,1.73205080756888,0.037725376612918,0,428
"Clupeidae","Clupea harengus","Clupea harengus 428 66",19,4.35889894354067,0.0103325837391105,0,428
"Clupeidae","Clupea harengus","Clupea harengus 428 68",4,2,0.0287852619458852,0,428
"Clupeidae","Clupea harengus","Clupea harengus 428 81",8,2.82842712474619,-0.0805435790404702,0,428
"Clupeidae","Clupea harengus","Clupea harengus 428 82",4,2,0,0,428
"Clupeidae","Clupea harengus","Clupea harengus 428 83",7,2.64575131106459,0.0444823979248662,0,428
"Clupeidae","Clupea harengus","Clupea harengus 428 85",6,2.44948974278318,-0.0216258658868439,0,428
"Clupeidae","Clupea harengus","Clupea harengus 428 86",6,2.44948974278318,0.00848010116466918,0,428
"Clupeidae","Clupea harengus","Clupea harengus 428 92",3,1.73205080756888,-0.00787263820853756,0,428
"Clupeidae","Clupea harengus","Clupea harengus 428 94",7,2.64575131106459,-0.0365281740478065,0,428
"Clupeidae","Clupea harengus","Clupea harengus 428 95",11,3.3166247903554,0.00343196575717478,0,428
"Clupeidae","Clupea harengus","Clupea harengus 428 96",9,3,-0.00644028911571311,0,428
"Clupeidae","Clupea harengus","Clupea harengus 428 97",5,2.23606797749979,-0.0349084488381308,0,428
"Clupeidae","Clupea harengus","Clupea harengus 428 98",4,2,-0.0848212212936565,0,428
"Clupeidae","Clupea harengus","Clupea harengus 501 ft120long",6,2.44948974278318,0.401771323702873,0,501
"Clupeidae","Clupea harengus","Clupea harengus 501 ft215long",6,2.44948974278318,0.052730901372031,0,501
"Clupeidae","Clupea harengus","Clupea harengus 501 ft215short",3,1.73205080756888,0.845141794917403,0,501
"Clupeidae","Clupea harengus","Clupea harengus 501 ft230long",5,2.23606797749979,0.481098699296047,0,501
"Clupeidae","Clupea harengus","Clupea harengus 501 ft230short",3,1.73205080756888,0.0192212798095647,0,501
"Clupeidae","Clupea harengus","Clupea harengus 501 ft340long",7,2.64575131106459,-0.00413059652735487,0,501
"Clupeidae","Clupea harengus","Clupea harengus 501 ft350long",5,2.23606797749979,0.25136137765357,0,501
"Clupeidae","Clupea harengus","Clupea harengus 501 ft435long",4,2,-0.311433625411355,0,501
"Clupeidae","Clupea harengus","Clupea harengus 501 ft545long",3,1.73205080756888,-0.0267880517480871,0,501
"Clupeidae","Clupea harengus","Clupea harengus 501 ft840long",3,1.73205080756888,-0.8856100786841,0,501
"Gadidae","Gadus morhua","Gadus morhua 119 NA",41,6.40312423743285,-0.0173196340863655,8.572,119
"Gadidae","Gadus morhua","Gadus morhua 123 NA",10,3.16227766016838,-0.018474040215686,8.572,123
"Gadidae","Gadus morhua","Gadus morhua 128 NA",5,2.23606797749979,0,8.572,128
"Gadidae","Gadus morhua","Gadus morhua 180 NA",26,5.09901951359278,0.0451062708331996,8.572,180
"Gadidae","Gadus morhua","Gadus morhua 184 NA",5,2.23606797749979,0,8.572,184
"Gadidae","Gadus morhua","Gadus morhua 213 NA",48,6.92820323027551,0.0192847152674615,8.572,213
"Gadidae","Gadus morhua","Gadus morhua 288 NA",27,5.19615242270663,-0.00650235467680879,8.572,288
"Gadidae","Gadus morhua","Gadus morhua 428 1",17,4.12310562561766,0.0190250994414266,8.572,428
"Gadidae","Gadus morhua","Gadus morhua 428 11",12,3.46410161513775,0.00363502798847482,8.572,428
"Gadidae","Gadus morhua","Gadus morhua 428 110",28,5.29150262212918,-0.00985589430273676,8.572,428
"Gadidae","Gadus morhua","Gadus morhua 428 111",85,9.21954445729289,-0.00511116703624143,8.572,428
"Gadidae","Gadus morhua","Gadus morhua 428 112",77,8.77496438739212,-0.00694796880334385,8.572,428
"Gadidae","Gadus morhua","Gadus morhua 428 113",66,8.12403840463596,-0.0128102315766385,8.572,428
"Gadidae","Gadus morhua","Gadus morhua 428 114",19,4.35889894354067,0.00235061719947133,8.572,428
"Gadidae","Gadus morhua","Gadus morhua 428 116",50,7.07106781186548,-0.0204232140154255,8.572,428
"Gadidae","Gadus morhua","Gadus morhua 428 12",87,9.32737905308882,-0.0147154568588419,8.572,428
"Gadidae","Gadus morhua","Gadus morhua 428 121",74,8.60232526704263,-0.00813621707162821,8.572,428
"Gadidae","Gadus morhua","Gadus morhua 428 122",83,9.1104335791443,0.00281205269777868,8.572,428
"Gadidae","Gadus morhua","Gadus morhua 428 123",8,2.82842712474619,-0.181783605514644,8.572,428
"Gadidae","Gadus morhua","Gadus morhua 428 124",3,1.73205080756888,0.196642057603339,8.572,428
"Gadidae","Gadus morhua","Gadus morhua 428 126",31,5.56776436283002,-0.0303705224657383,8.572,428
"Gadidae","Gadus morhua","Gadus morhua 428 127",33,5.74456264653803,-0.0194062661775313,8.572,428
"Gadidae","Gadus morhua","Gadus morhua 428 128",19,4.35889894354067,-0.0473845655041533,8.572,428
"Gadidae","Gadus morhua","Gadus morhua 428 129",22,4.69041575982343,-0.0223650668808725,8.572,428
"Gadidae","Gadus morhua","Gadus morhua 428 13",34,5.8309518948453,-0.0248833599376805,8.572,428
"Gadidae","Gadus morhua","Gadus morhua 428 130",30,5.47722557505166,-0.00115298452070177,8.572,428
"Gadidae","Gadus morhua","Gadus morhua 428 131",28,5.29150262212918,-0.0349548020892675,8.572,428
"Gadidae","Gadus morhua","Gadus morhua 428 132",23,4.79583152331272,-0.0317398214239955,8.572,428
"Gadidae","Gadus morhua","Gadus morhua 428 133",3,1.73205080756888,-0.327326835354261,8.572,428
"Gadidae","Gadus morhua","Gadus morhua 428 14",24,4.89897948556636,-0.0315431103133848,8.572,428
"Gadidae","Gadus morhua","Gadus morhua 428 141",62,7.87400787401181,0.00711286844690638,8.572,428
"Gadidae","Gadus morhua","Gadus morhua 428 142",79,8.88819441731559,-0.00063333793748555,8.572,428
"Gadidae","Gadus morhua","Gadus morhua 428 146",21,4.58257569495584,-0.0552825996310725,8.572,428
"Gadidae","Gadus morhua","Gadus morhua 428 147",20,4.47213595499958,-0.0700434461454224,8.572,428
"Gadidae","Gadus morhua","Gadus morhua 428 15",89,9.4339811320566,-0.00803171068084351,8.572,428
"Gadidae","Gadus morhua","Gadus morhua 428 151",68,8.24621125123532,-0.0163297992429933,8.572,428
"Gadidae","Gadus morhua","Gadus morhua 428 152",81,9,-0.00532461977723297,8.572,428
"Gadidae","Gadus morhua","Gadus morhua 428 153",38,6.16441400296898,-0.0211482758358086,8.572,428
"Gadidae","Gadus morhua","Gadus morhua 428 154",3,1.73205080756888,0.996615895540449,8.572,428
"Gadidae","Gadus morhua","Gadus morhua 428 16",56,7.48331477354788,-0.00910888864994338,8.572,428
"Gadidae","Gadus morhua","Gadus morhua 428 161",74,8.60232526704263,-0.0108251683588462,8.572,428
"Gadidae","Gadus morhua","Gadus morhua 428 162",17,4.12310562561766,-0.0647094630327512,8.572,428
"Gadidae","Gadus morhua","Gadus morhua 428 163",75,8.66025403784439,-0.0081912976863473,8.572,428
"Gadidae","Gadus morhua","Gadus morhua 428 164",90,9.48683298050514,-0.00530336007696922,8.572,428
"Gadidae","Gadus morhua","Gadus morhua 428 165",35,5.91607978309962,-0.0228795737478219,8.572,428
"Gadidae","Gadus morhua","Gadus morhua 428 166",27,5.19615242270663,-0.0461018067412388,8.572,428
"Gadidae","Gadus morhua","Gadus morhua 428 17",55,7.41619848709566,-0.0073064695223699,8.572,428
"Gadidae","Gadus morhua","Gadus morhua 428 171",24,4.89897948556636,-0.0436843653952935,8.572,428
"Gadidae","Gadus morhua","Gadus morhua 428 172",33,5.74456264653803,0.0114959877798305,8.572,428
"Gadidae","Gadus morhua","Gadus morhua 428 173",38,6.16441400296898,-0.0120589037732504,8.572,428
"Gadidae","Gadus morhua","Gadus morhua 428 174",20,4.47213595499958,-0.0244206479470142,8.572,428
"Gadidae","Gadus morhua","Gadus morhua 428 175",4,2,-0.149209419390621,8.572,428
"Gadidae","Gadus morhua","Gadus morhua 428 176",25,5,-0.0134149924132616,8.572,428
"Gadidae","Gadus morhua","Gadus morhua 428 178",26,5.09901951359278,-0.0273537292479277,8.572,428
"Gadidae","Gadus morhua","Gadus morhua 428 179",11,3.3166247903554,-0.0689240540046743,8.572,428
"Gadidae","Gadus morhua","Gadus morhua 428 18",74,8.60232526704263,-0.0020955040190032,8.572,428
"Gadidae","Gadus morhua","Gadus morhua 428 181",55,7.41619848709566,-0.00761998791854101,8.572,428
"Gadidae","Gadus morhua","Gadus morhua 428 182",70,8.36660026534076,-0.00378953218695779,8.572,428
"Gadidae","Gadus morhua","Gadus morhua 428 183",44,6.6332495807108,-0.00158974774442511,8.572,428
"Gadidae","Gadus morhua","Gadus morhua 428 184",18,4.24264068711928,-0.0681845714236597,8.572,428
"Gadidae","Gadus morhua","Gadus morhua 428 185",81,9,-0.00147800042251631,8.572,428
"Gadidae","Gadus morhua","Gadus morhua 428 186",34,5.8309518948453,-0.0151126762748796,8.572,428
"Gadidae","Gadus morhua","Gadus morhua 428 19",55,7.41619848709566,-0.0132140393665989,8.572,428
"Gadidae","Gadus morhua","Gadus morhua 428 190",12,3.46410161513775,-0.0884139537403969,8.572,428
"Gadidae","Gadus morhua","Gadus morhua 428 191",51,7.14142842854285,-0.0189401209443951,8.572,428
"Gadidae","Gadus morhua","Gadus morhua 428 192",49,7,-0.00783429950433858,8.572,428
"Gadidae","Gadus morhua","Gadus morhua 428 193",24,4.89897948556636,-0.023386701233992,8.572,428
"Gadidae","Gadus morhua","Gadus morhua 428 194",44,6.6332495807108,-0.0350755562583299,8.572,428
"Gadidae","Gadus morhua","Gadus morhua 428 195",48,6.92820323027551,-0.0299006180448265,8.572,428
"Gadidae","Gadus morhua","Gadus morhua 428 196",3,1.73205080756888,-0.247435829652687,8.572,428
"Gadidae","Gadus morhua","Gadus morhua 428 197",25,5,-0.00648416782781238,8.572,428
"Gadidae","Gadus morhua","Gadus morhua 428 198",48,6.92820323027551,-0.01237428835838,8.572,428
"Gadidae","Gadus morhua","Gadus morhua 428 199",23,4.79583152331272,-0.0151109871774469,8.572,428
"Gadidae","Gadus morhua","Gadus morhua 428 2",52,7.21110255092798,0.00731398023530745,8.572,428
"Gadidae","Gadus morhua","Gadus morhua 428 20",29,5.3851648071345,-0.0205349877458901,8.572,428
"Gadidae","Gadus morhua","Gadus morhua 428 200",23,4.79583152331272,-0.0384450381286696,8.572,428
"Gadidae","Gadus morhua","Gadus morhua 428 201",22,4.69041575982343,-0.0234371782192375,8.572,428
"Gadidae","Gadus morhua","Gadus morhua 428 202",32,5.65685424949238,-0.0206323114791381,8.572,428
"Gadidae","Gadus morhua","Gadus morhua 428 203",9,3,0.037176803697124,8.572,428
"Gadidae","Gadus morhua","Gadus morhua 428 21",10,3.16227766016838,-0.184480915743498,8.572,428
"Gadidae","Gadus morhua","Gadus morhua 428 211",40,6.32455532033676,-0.0207538964784232,8.572,428
"Gadidae","Gadus morhua","Gadus morhua 428 212",9,3,0.107401633372523,8.572,428
"Gadidae","Gadus morhua","Gadus morhua 428 216",16,4,-0.0632933283990708,8.572,428
"Gadidae","Gadus morhua","Gadus morhua 428 217",32,5.65685424949238,-0.0280241728947838,8.572,428
"Gadidae","Gadus morhua","Gadus morhua 428 218",33,5.74456264653803,-0.0237503704089644,8.572,428
"Gadidae","Gadus morhua","Gadus morhua 428 219",45,6.70820393249937,-0.0185439287695676,8.572,428
"Gadidae","Gadus morhua","Gadus morhua 428 22",10,3.16227766016838,-0.0328082294410385,8.572,428
"Gadidae","Gadus morhua","Gadus morhua 428 220",18,4.24264068711928,0.00625490399209109,8.572,428
"Gadidae","Gadus morhua","Gadus morhua 428 225",9,3,-0.0412290437988202,8.572,428
"Gadidae","Gadus morhua","Gadus morhua 428 23",7,2.64575131106459,-0.192985761940375,8.572,428
"Gadidae","Gadus morhua","Gadus morhua 428 231",56,7.48331477354788,-0.00517570823998429,8.572,428
"Gadidae","Gadus morhua","Gadus morhua 428 232",62,7.87400787401181,-0.0129755284211602,8.572,428
"Gadidae","Gadus morhua","Gadus morhua 428 233",65,8.06225774829855,-0.00344542113616853,8.572,428
"Gadidae","Gadus morhua","Gadus morhua 428 234",46,6.78232998312527,-0.00696036664629998,8.572,428
"Gadidae","Gadus morhua","Gadus morhua 428 235",62,7.87400787401181,-0.00703466092400108,8.572,428
"Gadidae","Gadus morhua","Gadus morhua 428 236",28,5.29150262212918,-0.00215368678103994,8.572,428
"Gadidae","Gadus morhua","Gadus morhua 428 237",37,6.08276253029822,-0.0244779557104348,8.572,428
"Gadidae","Gadus morhua","Gadus morhua 428 238",55,7.41619848709566,-0.00677556316277715,8.572,428
"Gadidae","Gadus morhua","Gadus morhua 428 239",25,5,-0.0284562925350721,8.572,428
"Gadidae","Gadus morhua","Gadus morhua 428 24",26,5.09901951359278,-0.0491221233363307,8.572,428
"Gadidae","Gadus morhua","Gadus morhua 428 249",25,5,-0.0261272054567536,8.572,428
"Gadidae","Gadus morhua","Gadus morhua 428 25",22,4.69041575982343,-0.0650473661470678,8.572,428
"Gadidae","Gadus morhua","Gadus morhua 428 250",14,3.74165738677394,-0.0279197259510883,8.572,428
"Gadidae","Gadus morhua","Gadus morhua 428 251",66,8.12403840463596,-0.0154781666088699,8.572,428
"Gadidae","Gadus morhua","Gadus morhua 428 252",68,8.24621125123532,-0.014132101714991,8.572,428
"Gadidae","Gadus morhua","Gadus morhua 428 253",60,7.74596669241483,-0.0184429719523493,8.572,428
"Gadidae","Gadus morhua","Gadus morhua 428 254",49,7,-0.0173099805174129,8.572,428
"Gadidae","Gadus morhua","Gadus morhua 428 255",25,5,0.0015426351600021,8.572,428
"Gadidae","Gadus morhua","Gadus morhua 428 256",18,4.24264068711928,-0.0194492707202791,8.572,428
"Gadidae","Gadus morhua","Gadus morhua 428 257",60,7.74596669241483,-0.00496179916338617,8.572,428
"Gadidae","Gadus morhua","Gadus morhua 428 258",30,5.47722557505166,-0.0250995537167465,8.572,428
"Gadidae","Gadus morhua","Gadus morhua 428 259",34,5.8309518948453,-0.0282634624326227,8.572,428
"Gadidae","Gadus morhua","Gadus morhua 428 26",24,4.89897948556636,-0.058674105080912,8.572,428
"Gadidae","Gadus morhua","Gadus morhua 428 260",42,6.48074069840786,-0.0183195223600307,8.572,428
"Gadidae","Gadus morhua","Gadus morhua 428 261",9,3,-0.0479767739583369,8.572,428
"Gadidae","Gadus morhua","Gadus morhua 428 271",38,6.16441400296898,-0.0116148299988749,8.572,428
"Gadidae","Gadus morhua","Gadus morhua 428 272",12,3.46410161513775,-0.0383959991024418,8.572,428
"Gadidae","Gadus morhua","Gadus morhua 428 273",16,4,-0.0386633112980381,8.572,428
"Gadidae","Gadus morhua","Gadus morhua 428 274",30,5.47722557505166,-0.00728428824597109,8.572,428
"Gadidae","Gadus morhua","Gadus morhua 428 277",8,2.82842712474619,-0.0805444838640176,8.572,428
"Gadidae","Gadus morhua","Gadus morhua 428 29",6,2.44948974278318,-0.189138781924597,8.572,428
"Gadidae","Gadus morhua","Gadus morhua 428 291",49,7,-0.0084735444971669,8.572,428
"Gadidae","Gadus morhua","Gadus morhua 428 292",40,6.32455532033676,-0.0148584372086559,8.572,428
"Gadidae","Gadus morhua","Gadus morhua 428 293",29,5.3851648071345,-0.0178451621189162,8.572,428
"Gadidae","Gadus morhua","Gadus morhua 428 294",23,4.79583152331272,0.00727377277276846,8.572,428
"Gadidae","Gadus morhua","Gadus morhua 428 295",40,6.32455532033676,-0.0140921058578508,8.572,428
"Gadidae","Gadus morhua","Gadus morhua 428 296",23,4.79583152331272,-0.0197963308903042,8.572,428
"Gadidae","Gadus morhua","Gadus morhua 428 297",7,2.64575131106459,-0.059629484919898,8.572,428
"Gadidae","Gadus morhua","Gadus morhua 428 299",7,2.64575131106459,0.0208865178478761,8.572,428
"Gadidae","Gadus morhua","Gadus morhua 428 3",55,7.41619848709566,-0.00520337672903091,8.572,428
"Gadidae","Gadus morhua","Gadus morhua 428 30",29,5.3851648071345,0.000404296964469733,8.572,428
"Gadidae","Gadus morhua","Gadus morhua 428 300",7,2.64575131106459,-0.0455138116854267,8.572,428
"Gadidae","Gadus morhua","Gadus morhua 428 301",8,2.82842712474619,-0.0855419124316476,8.572,428
"Gadidae","Gadus morhua","Gadus morhua 428 302",8,2.82842712474619,-0.0878719627328901,8.572,428
"Gadidae","Gadus morhua","Gadus morhua 428 303",8,2.82842712474619,-0.0342502823406887,8.572,428
"Gadidae","Gadus morhua","Gadus morhua 428 304",3,1.73205080756888,-0.0535976634263969,8.572,428
"Gadidae","Gadus morhua","Gadus morhua 428 305",7,2.64575131106459,-0.0803387271634182,8.572,428
"Gadidae","Gadus morhua","Gadus morhua 428 306",3,1.73205080756888,-0.0911605688194178,8.572,428
"Gadidae","Gadus morhua","Gadus morhua 428 307",8,2.82842712474619,-0.0347280225111658,8.572,428
"Gadidae","Gadus morhua","Gadus morhua 428 308",10,3.16227766016838,-0.0597581671887829,8.572,428
"Gadidae","Gadus morhua","Gadus morhua 428 31",83,9.1104335791443,-1.82802022987338e-05,8.572,428
"Gadidae","Gadus morhua","Gadus morhua 428 32",28,5.29150262212918,0.0339797197743746,8.572,428
"Gadidae","Gadus morhua","Gadus morhua 428 321",52,7.21110255092798,-0.0131049746600099,8.572,428
"Gadidae","Gadus morhua","Gadus morhua 428 322",69,8.30662386291807,-0.0137583701090595,8.572,428
"Gadidae","Gadus morhua","Gadus morhua 428 323",36,6,-0.000915315297624783,8.572,428
"Gadidae","Gadus morhua","Gadus morhua 428 324",30,5.47722557505166,-0.0219225622568622,8.572,428
"Gadidae","Gadus morhua","Gadus morhua 428 326",58,7.61577310586391,-0.0138105031525676,8.572,428
"Gadidae","Gadus morhua","Gadus morhua 428 327",40,6.32455532033676,-0.0132461707396077,8.572,428
"Gadidae","Gadus morhua","Gadus morhua 428 328",11,3.3166247903554,0.0364895350395436,8.572,428
"Gadidae","Gadus morhua","Gadus morhua 428 329",13,3.60555127546399,-0.0414975988291416,8.572,428
"Gadidae","Gadus morhua","Gadus morhua 428 330",4,2,-0.0530973451327417,8.572,428
"Gadidae","Gadus morhua","Gadus morhua 428 341",65,8.06225774829855,-0.0114500607056979,8.572,428
"Gadidae","Gadus morhua","Gadus morhua 428 342",68,8.24621125123532,-0.00492107776099148,8.572,428
"Gadidae","Gadus morhua","Gadus morhua 428 343",72,8.48528137423857,0.000950718052716127,8.572,428
"Gadidae","Gadus morhua","Gadus morhua 428 344",64,8,-0.00493300075670924,8.572,428
"Gadidae","Gadus morhua","Gadus morhua 428 345",70,8.36660026534076,-0.0133865368037908,8.572,428
"Gadidae","Gadus morhua","Gadus morhua 428 346",40,6.32455532033676,0.00581814089000278,8.572,428
"Gadidae","Gadus morhua","Gadus morhua 428 347",27,5.19615242270663,-0.00111345401266913,8.572,428
"Gadidae","Gadus morhua","Gadus morhua 428 348",65,8.06225774829855,0.000478554921509588,8.572,428
"Gadidae","Gadus morhua","Gadus morhua 428 349",47,6.85565460040104,-0.0102249632598778,8.572,428
"Gadidae","Gadus morhua","Gadus morhua 428 350",20,4.47213595499958,-0.0317353320274843,8.572,428
"Gadidae","Gadus morhua","Gadus morhua 428 351",19,4.35889894354067,0.0188520635783823,8.572,428
"Gadidae","Gadus morhua","Gadus morhua 428 352",12,3.46410161513775,-0.0355011342283508,8.572,428
"Gadidae","Gadus morhua","Gadus morhua 428 361",5,2.23606797749979,-0.0598503519531185,8.572,428
"Gadidae","Gadus morhua","Gadus morhua 428 362",3,1.73205080756888,-0.0731826238093511,8.572,428
"Gadidae","Gadus morhua","Gadus morhua 428 363",8,2.82842712474619,-0.00491062758267822,8.572,428
"Gadidae","Gadus morhua","Gadus morhua 428 364",16,4,-0.0199070105632712,8.572,428
"Gadidae","Gadus morhua","Gadus morhua 428 366",4,2,-0.0169072771725628,8.572,428
"Gadidae","Gadus morhua","Gadus morhua 428 368",7,2.64575131106459,-0.0697858130356056,8.572,428
"Gadidae","Gadus morhua","Gadus morhua 428 369",12,3.46410161513775,-0.054981765898134,8.572,428
"Gadidae","Gadus morhua","Gadus morhua 428 381",11,3.3166247903554,-0.00283909156611753,8.572,428
"Gadidae","Gadus morhua","Gadus morhua 428 382",9,3,0.00249045641951048,8.572,428
"Gadidae","Gadus morhua","Gadus morhua 428 383",7,2.64575131106459,0.0416900762409328,8.572,428
"Gadidae","Gadus morhua","Gadus morhua 428 384",17,4.12310562561766,-0.0323607768153588,8.572,428
"Gadidae","Gadus morhua","Gadus morhua 428 385",19,4.35889894354067,-0.0283468283433062,8.572,428
"Gadidae","Gadus morhua","Gadus morhua 428 386",14,3.74165738677394,-0.0441627970076143,8.572,428
"Gadidae","Gadus morhua","Gadus morhua 428 4",18,4.24264068711928,0.0102262715549851,8.572,428
"Gadidae","Gadus morhua","Gadus morhua 428 401",17,4.12310562561766,-0.0827895766822365,8.572,428
"Gadidae","Gadus morhua","Gadus morhua 428 402",11,3.3166247903554,-0.0328409553949956,8.572,428
"Gadidae","Gadus morhua","Gadus morhua 428 403",12,3.46410161513775,-0.0552052421139659,8.572,428
"Gadidae","Gadus morhua","Gadus morhua 428 404",4,2,-0.3631893356178,8.572,428
"Gadidae","Gadus morhua","Gadus morhua 428 405",6,2.44948974278318,0.377617150436255,8.572,428
"Gadidae","Gadus morhua","Gadus morhua 428 431",4,2,-0.263358687278657,8.572,428
"Gadidae","Gadus morhua","Gadus morhua 428 432",3,1.73205080756888,0.996615895540607,8.572,428
"Gadidae","Gadus morhua","Gadus morhua 428 433",3,1.73205080756888,-0.123717914826335,8.572,428
"Gadidae","Gadus morhua","Gadus morhua 428 434",4,2,-0.269320455372868,8.572,428
"Gadidae","Gadus morhua","Gadus morhua 428 435",3,1.73205080756888,-0.196642057603336,8.572,428
"Gadidae","Gadus morhua","Gadus morhua 428 436",3,1.73205080756888,-0.514370741270605,8.572,428
"Gadidae","Gadus morhua","Gadus morhua 428 437",4,2,0.0699854212223766,8.572,428
"Gadidae","Gadus morhua","Gadus morhua 428 438",4,2,0.643267520902677,8.572,428
"Gadidae","Gadus morhua","Gadus morhua 428 439",4,2,-0.00958192636844873,8.572,428
"Gadidae","Gadus morhua","Gadus morhua 428 441",10,3.16227766016838,-0.0847070184072315,8.572,428
"Gadidae","Gadus morhua","Gadus morhua 428 442",15,3.87298334620742,0.0590155330018351,8.572,428
"Gadidae","Gadus morhua","Gadus morhua 428 443",11,3.3166247903554,-0.00474507673539252,8.572,428
"Gadidae","Gadus morhua","Gadus morhua 428 444",9,3,-0.0176065127172132,8.572,428
"Gadidae","Gadus morhua","Gadus morhua 428 445",14,3.74165738677394,0.0299438698532474,8.572,428
"Gadidae","Gadus morhua","Gadus morhua 428 446",13,3.60555127546399,0.0262585038507597,8.572,428
"Gadidae","Gadus morhua","Gadus morhua 428 447",14,3.74165738677394,0.0196605055753119,8.572,428
"Gadidae","Gadus morhua","Gadus morhua 428 448",13,3.60555127546399,-0.101826563816809,8.572,428
"Gadidae","Gadus morhua","Gadus morhua 428 449",11,3.3166247903554,0.0225219278922513,8.572,428
"Gadidae","Gadus morhua","Gadus morhua 428 450",10,3.16227766016838,-0.109003430371772,8.572,428
"Gadidae","Gadus morhua","Gadus morhua 428 5",26,5.09901951359278,-0.0410207607234699,8.572,428
"Gadidae","Gadus morhua","Gadus morhua 428 52",3,1.73205080756888,0.376203687416187,8.572,428
"Gadidae","Gadus morhua","Gadus morhua 428 54",5,2.23606797749979,0.0437313711934525,8.572,428
"Gadidae","Gadus morhua","Gadus morhua 428 56",88,9.38083151964686,0.00121159044481992,8.572,428
"Gadidae","Gadus morhua","Gadus morhua 428 57",81,9,-0.00601572867598656,8.572,428
"Gadidae","Gadus morhua","Gadus morhua 428 58",19,4.35889894354067,-0.0492472357831203,8.572,428
"Gadidae","Gadus morhua","Gadus morhua 428 59",17,4.12310562561766,-0.102792333229891,8.572,428
"Gadidae","Gadus morhua","Gadus morhua 428 60",21,4.58257569495584,-0.099457602272372,8.572,428
"Gadidae","Gadus morhua","Gadus morhua 428 62",27,5.19615242270663,-0.0412645329011744,8.572,428
"Gadidae","Gadus morhua","Gadus morhua 428 65",82,9.05538513813742,-0.00984549496859717,8.572,428
"Gadidae","Gadus morhua","Gadus morhua 428 66",86,9.2736184954957,-0.00578611663824208,8.572,428
"Gadidae","Gadus morhua","Gadus morhua 428 67",59,7.68114574786861,-0.00491590794599621,8.572,428
"Gadidae","Gadus morhua","Gadus morhua 428 68",44,6.6332495807108,0.00586155476865853,8.572,428
"Gadidae","Gadus morhua","Gadus morhua 428 80",3,1.73205080756888,0.640464030807128,8.572,428
"Gadidae","Gadus morhua","Gadus morhua 428 81",35,5.91607978309962,-0.0323457065805779,8.572,428
"Gadidae","Gadus morhua","Gadus morhua 428 82",49,7,0.0124038433886189,8.572,428
"Gadidae","Gadus morhua","Gadus morhua 428 83",34,5.8309518948453,-0.00270293347578814,8.572,428
"Gadidae","Gadus morhua","Gadus morhua 428 84",9,3,-0.123923954652519,8.572,428
"Gadidae","Gadus morhua","Gadus morhua 428 85",48,6.92820323027551,0.000946515782147212,8.572,428
"Gadidae","Gadus morhua","Gadus morhua 428 86",23,4.79583152331272,-0.0286893558315532,8.572,428
"Gadidae","Gadus morhua","Gadus morhua 428 87",3,1.73205080756888,-0.977355554850708,8.572,428
"Gadidae","Gadus morhua","Gadus morhua 428 91",79,8.88819441731559,-0.00761182489332652,8.572,428
"Gadidae","Gadus morhua","Gadus morhua 428 92",87,9.32737905308882,-0.0107960517406934,8.572,428
"Gadidae","Gadus morhua","Gadus morhua 428 93",74,8.60232526704263,-0.00354189282192036,8.572,428
"Gadidae","Gadus morhua","Gadus morhua 428 94",75,8.66025403784439,-0.00811476967114948,8.572,428
"Gadidae","Gadus morhua","Gadus morhua 428 95",77,8.77496438739212,0.0104151265203531,8.572,428
"Gadidae","Gadus morhua","Gadus morhua 428 96",65,8.06225774829855,-0.00973466318153106,8.572,428
"Gadidae","Gadus morhua","Gadus morhua 428 97",61,7.81024967590665,-0.0046501185796008,8.572,428
"Gadidae","Gadus morhua","Gadus morhua 428 98",36,6,-0.00592824209672602,8.572,428
"Gadidae","Gadus morhua","Gadus morhua 428 99",21,4.58257569495584,0.00293461093078214,8.572,428
"Gadidae","Gadus morhua","Gadus morhua 466 NA",23,4.79583152331272,-0.105039466356672,8.572,466
"Gadidae","Gadus morhua","Gadus morhua 501 ft120long",7,2.64575131106459,-0.141221864822415,8.572,501
"Gadidae","Gadus morhua","Gadus morhua 501 ft120short",3,1.73205080756888,-0.52976248535857,8.572,501
"Gadidae","Gadus morhua","Gadus morhua 501 ft215long",5,2.23606797749979,-0.118997964264695,8.572,501
"Gadidae","Gadus morhua","Gadus morhua 501 ft230long",7,2.64575131106459,-0.317798973790397,8.572,501
"Gadidae","Gadus morhua","Gadus morhua 501 ft340long",3,1.73205080756888,-0.726930981667996,8.572,501
"Gadidae","Gadus morhua","Gadus morhua 501 ft350long",4,2,0.583463101848748,8.572,501
"Gadidae","Gadus morhua","Gadus morhua 501 ft421long",3,1.73205080756888,-0.256671223283185,8.572,501
"Gadidae","Gadus morhua","Gadus morhua 501 ft435long",4,2,-0.0864069376931248,8.572,501
"Gadidae","Gadus morhua","Gadus morhua 501 ft800long",5,2.23606797749979,0.277592480353157,8.572,501
"Gadidae","Gadus morhua","Gadus morhua 501 ft820long",5,2.23606797749979,-0.0830430482252514,8.572,501
"Gadidae","Gadus morhua","Gadus morhua 501 ft830long",4,2,-0.198619013085266,8.572,501
"Gadidae","Gadus morhua","Gadus morhua 501 ft830short",3,1.73205080756888,-0.501679990366463,8.572,501
"Gadidae","Gadus morhua","Gadus morhua 501 ft840long",5,2.23606797749979,-0.00416899591142078,8.572,501
"Pleuronectidae","Glyptocephalus cynoglossus","Glyptocephalus cynoglossus 113 NA",5,2.23606797749979,0,7.57,113
"Pleuronectidae","Glyptocephalus cynoglossus","Glyptocephalus cynoglossus 119 NA",41,6.40312423743285,0.0367531105866329,7.57,119
"Pleuronectidae","Glyptocephalus cynoglossus","Glyptocephalus cynoglossus 123 NA",10,3.16227766016838,-0.0620718953035586,7.57,123
"Pleuronectidae","Glyptocephalus cynoglossus","Glyptocephalus cynoglossus 180 NA",25,5,0.0664473513554134,7.57,180
"Pleuronectidae","Glyptocephalus cynoglossus","Glyptocephalus cynoglossus 182 NA",22,4.69041575982343,-0.12298402421732,7.57,182
"Pleuronectidae","Glyptocephalus cynoglossus","Glyptocephalus cynoglossus 213 NA",48,6.92820323027551,0.00913189256274913,7.57,213
"Pleuronectidae","Glyptocephalus cynoglossus","Glyptocephalus cynoglossus 287 NA",4,2,0.057142857142852,7.57,287
"Pleuronectidae","Glyptocephalus cynoglossus","Glyptocephalus cynoglossus 288 NA",27,5.19615242270663,0.0573946375321644,7.57,288
"Pleuronectidae","Glyptocephalus cynoglossus","Glyptocephalus cynoglossus 466 NA",23,4.79583152331272,-0.0698129548304807,7.57,466
"Sebastidae","Helicolenus dactylopterus","Helicolenus dactylopterus 112 NA",5,2.23606797749979,0.606704550389313,0,112
"Sebastidae","Helicolenus dactylopterus","Helicolenus dactylopterus 113 NA",8,2.82842712474619,0,0,113
"Sebastidae","Helicolenus dactylopterus","Helicolenus dactylopterus 119 NA",33,5.74456264653803,0.0183262629107914,0,119
"Sebastidae","Helicolenus dactylopterus","Helicolenus dactylopterus 180 NA",25,5,-0.0618539988909529,0,180
"Sebastidae","Helicolenus dactylopterus","Helicolenus dactylopterus 212 NA",5,2.23606797749979,0.606704550389313,0,212
"Sebastidae","Helicolenus dactylopterus","Helicolenus dactylopterus 213 NA",46,6.78232998312527,0.0155803188937935,0,213
"Sebastidae","Helicolenus dactylopterus","Helicolenus dactylopterus 288 NA",21,4.58257569495584,0.0633582125467296,0,288
"Sebastidae","Helicolenus dactylopterus","Helicolenus dactylopterus 466 NA",23,4.79583152331272,0.0102036493861859,0,466
"Hemitripteridae","Hemitripterus americanus","Hemitripterus americanus 119 NA",41,6.40312423743285,0.0263972588789781,2.338,119
"Hemitripteridae","Hemitripterus americanus","Hemitripterus americanus 123 NA",10,3.16227766016838,-0.0987761214091493,2.338,123
"Hemitripteridae","Hemitripterus americanus","Hemitripterus americanus 128 NA",5,2.23606797749979,0,2.338,128
"Hemitripteridae","Hemitripterus americanus","Hemitripterus americanus 180 NA",25,5,0.0803761292400171,2.338,180
"Hemitripteridae","Hemitripterus americanus","Hemitripterus americanus 182 NA",18,4.24264068711928,0.0109244290671052,2.338,182
"Hemitripteridae","Hemitripterus americanus","Hemitripterus americanus 213 NA",48,6.92820323027551,0.0262659739543367,2.338,213
"Hemitripteridae","Hemitripterus americanus","Hemitripterus americanus 288 NA",27,5.19615242270663,0.011808633793332,2.338,288
"Paralichthyidae","Hippoglossina oblonga","Hippoglossina oblonga 112 NA",4,2,-0.371428571428571,0,112
"Paralichthyidae","Hippoglossina oblonga","Hippoglossina oblonga 119 NA",27,5.19615242270663,-0.0367525660807013,0,119
"Paralichthyidae","Hippoglossina oblonga","Hippoglossina oblonga 123 NA",10,3.16227766016838,-0.0189529632946109,0,123
"Paralichthyidae","Hippoglossina oblonga","Hippoglossina oblonga 124 NA",3,1.73205080756888,0,0,124
"Paralichthyidae","Hippoglossina oblonga","Hippoglossina oblonga 126 NA",3,1.73205080756888,-0.33308669376324,0,126
"Paralichthyidae","Hippoglossina oblonga","Hippoglossina oblonga 180 NA",25,5,0.0914971607600349,0,180
"Paralichthyidae","Hippoglossina oblonga","Hippoglossina oblonga 212 NA",4,2,-0.371428571428571,0,212
"Paralichthyidae","Hippoglossina oblonga","Hippoglossina oblonga 213 NA",48,6.92820323027551,0.0504016947306157,0,213
"Paralichthyidae","Hippoglossina oblonga","Hippoglossina oblonga 288 NA",12,3.46410161513775,-0.0159255236354197,0,288
"Pleuronectidae","Hippoglossoides platessoides","Hippoglossoides platessoides 119 NA",41,6.40312423743285,-0.0583117086404896,0,119
"Pleuronectidae","Hippoglossoides platessoides","Hippoglossoides platessoides 123 NA",10,3.16227766016838,0.29854826650549,0,123
"Pleuronectidae","Hippoglossoides platessoides","Hippoglossoides platessoides 128 NA",5,2.23606797749979,0,0,128
"Pleuronectidae","Hippoglossoides platessoides","Hippoglossoides platessoides 180 NA",26,5.09901951359278,-0.0406976723055948,0,180
"Pleuronectidae","Hippoglossoides platessoides","Hippoglossoides platessoides 182 NA",21,4.58257569495584,0.0862341331144315,0,182
"Pleuronectidae","Hippoglossoides platessoides","Hippoglossoides platessoides 213 NA",48,6.92820323027551,0.0195255861047185,0,213
"Pleuronectidae","Hippoglossoides platessoides","Hippoglossoides platessoides 287 NA",3,1.73205080756888,-0.490094025390097,0,287
"Pleuronectidae","Hippoglossoides platessoides","Hippoglossoides platessoides 288 NA",28,5.29150262212918,0.0383756038192601,0,288
"Pleuronectidae","Hippoglossoides platessoides","Hippoglossoides platessoides 428 113",5,2.23606797749979,-0.0384439383790589,0,428
"Pleuronectidae","Hippoglossoides platessoides","Hippoglossoides platessoides 428 116",6,2.44948974278318,0.00503466137040479,0,428
"Pleuronectidae","Hippoglossoides platessoides","Hippoglossoides platessoides 428 121",3,1.73205080756888,0.0355344538481318,0,428
"Pleuronectidae","Hippoglossoides platessoides","Hippoglossoides platessoides 428 164",3,1.73205080756888,0,0,428
"Pleuronectidae","Hippoglossoides platessoides","Hippoglossoides platessoides 428 2",3,1.73205080756888,0.081287583026703,0,428
"Pleuronectidae","Hippoglossoides platessoides","Hippoglossoides platessoides 428 249",4,2,-0.0567656724456447,0,428
"Pleuronectidae","Hippoglossoides platessoides","Hippoglossoides platessoides 428 250",4,2,-0.0352562341176095,0,428
"Pleuronectidae","Hippoglossoides platessoides","Hippoglossoides platessoides 428 252",7,2.64575131106459,-0.044627821056449,0,428
"Pleuronectidae","Hippoglossoides platessoides","Hippoglossoides platessoides 428 253",4,2,0,0,428
"Pleuronectidae","Hippoglossoides platessoides","Hippoglossoides platessoides 428 254",7,2.64575131106459,-0.109880551192418,0,428
"Pleuronectidae","Hippoglossoides platessoides","Hippoglossoides platessoides 428 257",8,2.82842712474619,0.0106479223995749,0,428
"Pleuronectidae","Hippoglossoides platessoides","Hippoglossoides platessoides 428 258",7,2.64575131106459,-0.015262031097247,0,428
"Pleuronectidae","Hippoglossoides platessoides","Hippoglossoides platessoides 428 260",3,1.73205080756888,-0.0615209303234864,0,428
"Pleuronectidae","Hippoglossoides platessoides","Hippoglossoides platessoides 428 291",4,2,0,0,428
"Pleuronectidae","Hippoglossoides platessoides","Hippoglossoides platessoides 428 299",6,2.44948974278318,-0.0903214399768583,0,428
"Pleuronectidae","Hippoglossoides platessoides","Hippoglossoides platessoides 428 381",3,1.73205080756888,0,0,428
"Pleuronectidae","Hippoglossoides platessoides","Hippoglossoides platessoides 428 94",3,1.73205080756888,0.866025403785026,0,428
"Pleuronectidae","Hippoglossoides platessoides","Hippoglossoides platessoides 466 NA",23,4.79583152331272,0.00256270950857557,0,466
"Pleuronectidae","Hippoglossus hippoglossus","Hippoglossus hippoglossus 119 NA",40,6.32455532033676,-0.00528865673995126,2.449,119
"Pleuronectidae","Hippoglossus hippoglossus","Hippoglossus hippoglossus 123 NA",10,3.16227766016838,0.199694417095214,2.449,123
"Pleuronectidae","Hippoglossus hippoglossus","Hippoglossus hippoglossus 180 NA",25,5,-0.0727774582704127,2.449,180
"Pleuronectidae","Hippoglossus hippoglossus","Hippoglossus hippoglossus 182 NA",10,3.16227766016838,-0.0165160058649728,2.449,182
"Pleuronectidae","Hippoglossus hippoglossus","Hippoglossus hippoglossus 213 NA",47,6.85565460040104,0.00328417107845338,2.449,213
"Pleuronectidae","Hippoglossus hippoglossus","Hippoglossus hippoglossus 288 NA",23,4.79583152331272,0.0476417360101981,2.449,288
"Pleuronectidae","Hippoglossus hippoglossus","Hippoglossus hippoglossus 466 NA",10,3.16227766016838,0,2.449,466
"Scophthalmidae","Lepidorhombus boscii","Lepidorhombus boscii 113 NA",6,2.44948974278318,0,8.461,113
"Rajidae","Leucoraja erinacea","Leucoraja erinacea 119 NA",41,6.40312423743285,0.0510500474925678,0,119
"Rajidae","Leucoraja erinacea","Leucoraja erinacea 123 NA",10,3.16227766016838,-0.195336954879336,0,123
"Rajidae","Leucoraja erinacea","Leucoraja erinacea 124 NA",3,1.73205080756888,0.866025403784798,0,124
"Rajidae","Leucoraja erinacea","Leucoraja erinacea 180 NA",25,5,0.0912138704097622,0,180
"Rajidae","Leucoraja erinacea","Leucoraja erinacea 213 NA",17,4.12310562561766,0.054989551062139,0,213
"Rajidae","Leucoraja erinacea","Leucoraja erinacea 288 NA",15,3.87298334620742,0.0566087689554472,0,288
"Rajidae","Leucoraja ocellata","Leucoraja ocellata 119 NA",41,6.40312423743285,0.0544629979841217,-7.347,119
"Rajidae","Leucoraja ocellata","Leucoraja ocellata 123 NA",10,3.16227766016838,0.0650154933290302,-7.347,123
"Rajidae","Leucoraja ocellata","Leucoraja ocellata 180 NA",25,5,0.111228283128702,-7.347,180
"Rajidae","Leucoraja ocellata","Leucoraja ocellata 213 NA",46,6.78232998312527,0.0301680707092061,-7.347,213
"Rajidae","Leucoraja ocellata","Leucoraja ocellata 288 NA",21,4.58257569495584,0.0338967043174176,-7.347,288
"Pleuronectidae","Limanda ferruginea","Limanda ferruginea 119 NA",41,6.40312423743285,0.00174726577652333,0,119
"Pleuronectidae","Limanda ferruginea","Limanda ferruginea 123 NA",10,3.16227766016838,-0.0519062939346977,0,123
"Pleuronectidae","Limanda ferruginea","Limanda ferruginea 128 NA",5,2.23606797749979,0,0,128
"Pleuronectidae","Limanda ferruginea","Limanda ferruginea 180 NA",25,5,0.0387281175960905,0,180
"Pleuronectidae","Limanda ferruginea","Limanda ferruginea 182 NA",16,4,0.0861213781031872,0,182
"Pleuronectidae","Limanda ferruginea","Limanda ferruginea 213 NA",48,6.92820323027551,-0.0179074372364396,0,213
"Pleuronectidae","Limanda ferruginea","Limanda ferruginea 288 NA",27,5.19615242270663,0.0582605121625663,0,288
"Lophiidae","Lophius americanus","Lophius americanus 112 NA",6,2.44948974278318,0.312676111391381,0,112
"Lophiidae","Lophius americanus","Lophius americanus 119 NA",41,6.40312423743285,-0.0147172413645832,0,119
"Lophiidae","Lophius americanus","Lophius americanus 123 NA",10,3.16227766016838,-0.204290560487919,0,123
"Lophiidae","Lophius americanus","Lophius americanus 180 NA",25,5,0.0120154185353339,0,180
"Lophiidae","Lophius americanus","Lophius americanus 182 NA",12,3.46410161513775,-0.0655662716204096,0,182
"Lophiidae","Lophius americanus","Lophius americanus 212 NA",6,2.44948974278318,0.312676111391381,0,212
"Lophiidae","Lophius americanus","Lophius americanus 213 NA",48,6.92820323027551,0.0277439801957756,0,213
"Lophiidae","Lophius americanus","Lophius americanus 288 NA",25,5,0.0743613449258734,0,288
"Gadidae","Melanogrammus aeglefinus","Melanogrammus aeglefinus 119 NA",41,6.40312423743285,0.0605093151480535,0,119
"Gadidae","Melanogrammus aeglefinus","Melanogrammus aeglefinus 123 NA",10,3.16227766016838,-0.18678996132002,0,123
"Gadidae","Melanogrammus aeglefinus","Melanogrammus aeglefinus 176 NA",3,1.73205080756888,-0.0455802844097652,0,176
"Gadidae","Melanogrammus aeglefinus","Melanogrammus aeglefinus 180 NA",25,5,0.0413070152926528,0,180
"Gadidae","Melanogrammus aeglefinus","Melanogrammus aeglefinus 213 NA",48,6.92820323027551,0.00651022963211822,0,213
"Gadidae","Melanogrammus aeglefinus","Melanogrammus aeglefinus 287 NA",4,2,0.514091460940054,0,287
"Gadidae","Melanogrammus aeglefinus","Melanogrammus aeglefinus 288 NA",26,5.09901951359278,0.0279530730646796,0,288
"Gadidae","Melanogrammus aeglefinus","Melanogrammus aeglefinus 428 164",10,3.16227766016838,0.018656931094754,0,428
"Gadidae","Melanogrammus aeglefinus","Melanogrammus aeglefinus 428 190",4,2,0.317887933916844,0,428
"Gadidae","Melanogrammus aeglefinus","Melanogrammus aeglefinus 428 192",6,2.44948974278318,-0.0844333016048485,0,428
"Gadidae","Melanogrammus aeglefinus","Melanogrammus aeglefinus 428 31",8,2.82842712474619,-0.0234829703505423,0,428
"Gadidae","Melanogrammus aeglefinus","Melanogrammus aeglefinus 466 NA",23,4.79583152331272,-0.106642612479546,0,466
"Merlucciidae","Merluccius bilinearis","Merluccius bilinearis 112 NA",3,1.73205080756888,-0.866025403784732,0,112
"Merlucciidae","Merluccius bilinearis","Merluccius bilinearis 119 NA",41,6.40312423743285,0.0239846011105299,1.781,119
"Merlucciidae","Merluccius bilinearis","Merluccius bilinearis 123 NA",10,3.16227766016838,-0.172637209527105,1.781,123
"Merlucciidae","Merluccius bilinearis","Merluccius bilinearis 176 NA",6,2.44948974278318,-0.173331362576799,1.781,176
"Merlucciidae","Merluccius bilinearis","Merluccius bilinearis 180 NA",25,5,0.0624987099144254,1.781,180
"Merlucciidae","Merluccius bilinearis","Merluccius bilinearis 212 NA",3,1.73205080756888,-0.866025403784732,0,212
"Merlucciidae","Merluccius bilinearis","Merluccius bilinearis 213 NA",48,6.92820323027551,-0.0188768135039132,1.781,213
"Merlucciidae","Merluccius bilinearis","Merluccius bilinearis 287 NA",3,1.73205080756888,-0.494871659305418,1.781,287
"Merlucciidae","Merluccius bilinearis","Merluccius bilinearis 288 NA",27,5.19615242270663,0.0406919638743605,1.781,288
"Gadidae","Micromesistius poutassou","Micromesistius poutassou 113 NA",9,3,0,12.357,113
"Lotidae","Molva molva","Molva molva 466 NA",23,4.79583152331272,-0.1116251588046,7.57,466
"Cottidae","Myoxocephalus octodecemspinosus","Myoxocephalus octodecemspinosus 119 NA",41,6.40312423743285,0.0156808377507623,0,119
"Cottidae","Myoxocephalus octodecemspinosus","Myoxocephalus octodecemspinosus 123 NA",10,3.16227766016838,-0.0788697720038409,0,123
"Cottidae","Myoxocephalus octodecemspinosus","Myoxocephalus octodecemspinosus 124 NA",3,1.73205080756888,0,0,124
"Cottidae","Myoxocephalus octodecemspinosus","Myoxocephalus octodecemspinosus 180 NA",25,5,0.0670697788278605,0,180
"Cottidae","Myoxocephalus octodecemspinosus","Myoxocephalus octodecemspinosus 182 NA",22,4.69041575982343,0.116856213360968,0,182
"Cottidae","Myoxocephalus octodecemspinosus","Myoxocephalus octodecemspinosus 213 NA",48,6.92820323027551,0.0305933490339748,0,213
"Cottidae","Myoxocephalus octodecemspinosus","Myoxocephalus octodecemspinosus 288 NA",27,5.19615242270663,0.0463375766223746,0,288
"Paralichthyidae","Paralichthys dentatus","Paralichthys dentatus 112 NA",8,2.82842712474619,0.0161469388879614,0,112
"Paralichthyidae","Paralichthys dentatus","Paralichthys dentatus 119 NA",17,4.12310562561766,0.00676968679806329,0,119
"Paralichthyidae","Paralichthys dentatus","Paralichthys dentatus 124 NA",3,1.73205080756888,0,0,124
"Paralichthyidae","Paralichthys dentatus","Paralichthys dentatus 180 NA",25,5,0.0679021805823338,0,180
"Paralichthyidae","Paralichthys dentatus","Paralichthys dentatus 212 NA",8,2.82842712474619,0.0161469388879614,0,212
"Paralichthyidae","Paralichthys dentatus","Paralichthys dentatus 213 NA",47,6.85565460040104,0.045751881089293,0,213
"Paralichthyidae","Paralichthys dentatus","Paralichthys dentatus 288 NA",3,1.73205080756888,0,0,288
"Gadidae","Pollachius virens","Pollachius virens 119 NA",41,6.40312423743285,0.0212526303818776,4.453,119
"Gadidae","Pollachius virens","Pollachius virens 123 NA",10,3.16227766016838,-0.135202657774969,4.453,123
"Gadidae","Pollachius virens","Pollachius virens 128 NA",3,1.73205080756888,0,4.453,128
"Gadidae","Pollachius virens","Pollachius virens 180 NA",25,5,0.0482446753337818,4.453,180
"Gadidae","Pollachius virens","Pollachius virens 213 NA",48,6.92820323027551,0.0220059989199727,4.453,213
"Gadidae","Pollachius virens","Pollachius virens 288 NA",21,4.58257569495584,0.0489733967843904,4.453,288
"Gadidae","Pollachius virens","Pollachius virens 428 1",9,3,-0.0163481666266547,4.453,428
"Gadidae","Pollachius virens","Pollachius virens 428 111",17,4.12310562561766,0.014929756629872,4.453,428
"Gadidae","Pollachius virens","Pollachius virens 428 112",19,4.35889894354067,-0.0081337635918683,4.453,428
"Gadidae","Pollachius virens","Pollachius virens 428 113",11,3.3166247903554,-0.00419435572644875,4.453,428
"Gadidae","Pollachius virens","Pollachius virens 428 116",7,2.64575131106459,0.0146596561576552,4.453,428
"Gadidae","Pollachius virens","Pollachius virens 428 12",5,2.23606797749979,-0.00570544330734553,4.453,428
"Gadidae","Pollachius virens","Pollachius virens 428 121",17,4.12310562561766,0.00651275174448527,4.453,428
"Gadidae","Pollachius virens","Pollachius virens 428 122",17,4.12310562561766,0.00231459522472877,4.453,428
"Gadidae","Pollachius virens","Pollachius virens 428 126",3,1.73205080756888,0.0279884326045631,4.453,428
"Gadidae","Pollachius virens","Pollachius virens 428 127",3,1.73205080756888,0.0044071968937182,4.453,428
"Gadidae","Pollachius virens","Pollachius virens 428 129",5,2.23606797749979,0.013754933856239,4.453,428
"Gadidae","Pollachius virens","Pollachius virens 428 130",4,2,-0.0231985520356686,4.453,428
"Gadidae","Pollachius virens","Pollachius virens 428 131",5,2.23606797749979,0.064036971174459,4.453,428
"Gadidae","Pollachius virens","Pollachius virens 428 132",3,1.73205080756888,0.163842643959223,4.453,428
"Gadidae","Pollachius virens","Pollachius virens 428 14",8,2.82842712474619,0.0631001241665976,4.453,428
"Gadidae","Pollachius virens","Pollachius virens 428 141",39,6.2449979983984,0.00104489557630188,4.453,428
"Gadidae","Pollachius virens","Pollachius virens 428 142",42,6.48074069840786,0.0121886787532296,4.453,428
"Gadidae","Pollachius virens","Pollachius virens 428 146",5,2.23606797749979,-0.0666573441540667,4.453,428
"Gadidae","Pollachius virens","Pollachius virens 428 147",16,4,0.00420935241959573,4.453,428
"Gadidae","Pollachius virens","Pollachius virens 428 15",11,3.3166247903554,-0.0202424138590297,4.453,428
"Gadidae","Pollachius virens","Pollachius virens 428 151",19,4.35889894354067,-0.00957900723206239,4.453,428
"Gadidae","Pollachius virens","Pollachius virens 428 152",22,4.69041575982343,-0.00292277352444935,4.453,428
"Gadidae","Pollachius virens","Pollachius virens 428 153",9,3,0.00145462166907175,4.453,428
"Gadidae","Pollachius virens","Pollachius virens 428 16",5,2.23606797749979,0.040148445822087,4.453,428
"Gadidae","Pollachius virens","Pollachius virens 428 161",6,2.44948974278318,0.0121027520784603,4.453,428
"Gadidae","Pollachius virens","Pollachius virens 428 162",5,2.23606797749979,0.187026583978639,4.453,428
"Gadidae","Pollachius virens","Pollachius virens 428 163",6,2.44948974278318,-0.0142214463935723,4.453,428
"Gadidae","Pollachius virens","Pollachius virens 428 164",6,2.44948974278318,0.00422597669355115,4.453,428
"Gadidae","Pollachius virens","Pollachius virens 428 165",7,2.64575131106459,-0.027925871736514,4.453,428
"Gadidae","Pollachius virens","Pollachius virens 428 166",5,2.23606797749979,-0.0176132327604799,4.453,428
"Gadidae","Pollachius virens","Pollachius virens 428 17",10,3.16227766016838,0.0052904933090784,4.453,428
"Gadidae","Pollachius virens","Pollachius virens 428 171",5,2.23606797749979,0.0964438265055818,4.453,428
"Gadidae","Pollachius virens","Pollachius virens 428 172",3,1.73205080756888,0.0276488607519727,4.453,428
"Gadidae","Pollachius virens","Pollachius virens 428 174",5,2.23606797749979,0.189845550670392,4.453,428
"Gadidae","Pollachius virens","Pollachius virens 428 18",23,4.79583152331272,0.0103297881378067,4.453,428
"Gadidae","Pollachius virens","Pollachius virens 428 181",8,2.82842712474619,0.0219538872698668,4.453,428
"Gadidae","Pollachius virens","Pollachius virens 428 182",11,3.3166247903554,0.00769716403226623,4.453,428
"Gadidae","Pollachius virens","Pollachius virens 428 183",3,1.73205080756888,-0.0789684081486415,4.453,428
"Gadidae","Pollachius virens","Pollachius virens 428 184",3,1.73205080756888,-0.123717914826347,4.453,428
"Gadidae","Pollachius virens","Pollachius virens 428 185",6,2.44948974278318,0.0177178281575638,4.453,428
"Gadidae","Pollachius virens","Pollachius virens 428 19",17,4.12310562561766,0.0201699861852356,4.453,428
"Gadidae","Pollachius virens","Pollachius virens 428 191",4,2,0.195410860341105,4.453,428
"Gadidae","Pollachius virens","Pollachius virens 428 192",6,2.44948974278318,0.0603451040513732,4.453,428
"Gadidae","Pollachius virens","Pollachius virens 428 193",5,2.23606797749979,0.0695651459856483,4.453,428
"Gadidae","Pollachius virens","Pollachius virens 428 194",3,1.73205080756888,0.00120114480413836,4.453,428
"Gadidae","Pollachius virens","Pollachius virens 428 195",7,2.64575131106459,0.0226806208285396,4.453,428
"Gadidae","Pollachius virens","Pollachius virens 428 196",5,2.23606797749979,0.344464586975466,4.453,428
"Gadidae","Pollachius virens","Pollachius virens 428 197",8,2.82842712474619,-0.00628178325978563,4.453,428
"Gadidae","Pollachius virens","Pollachius virens 428 198",10,3.16227766016838,0.041889983553603,4.453,428
"Gadidae","Pollachius virens","Pollachius virens 428 199",7,2.64575131106459,0.0229588661712971,4.453,428
"Gadidae","Pollachius virens","Pollachius virens 428 2",9,3,0.00195800992549661,4.453,428
"Gadidae","Pollachius virens","Pollachius virens 428 20",12,3.46410161513775,0.0469477232721718,4.453,428
"Gadidae","Pollachius virens","Pollachius virens 428 200",6,2.44948974278318,0.0621005273789291,4.453,428
"Gadidae","Pollachius virens","Pollachius virens 428 201",8,2.82842712474619,0.0145018448905538,4.453,428
"Gadidae","Pollachius virens","Pollachius virens 428 202",14,3.74165738677394,0.0284868477723757,4.453,428
"Gadidae","Pollachius virens","Pollachius virens 428 211",4,2,-0.00101370486311765,4.453,428
"Gadidae","Pollachius virens","Pollachius virens 428 216",6,2.44948974278318,-0.0191441059618671,4.453,428
"Gadidae","Pollachius virens","Pollachius virens 428 217",10,3.16227766016838,0.00564894578144605,4.453,428
"Gadidae","Pollachius virens","Pollachius virens 428 218",8,2.82842712474619,-0.0410784234993612,4.453,428
"Gadidae","Pollachius virens","Pollachius virens 428 219",4,2,-0.0537798072044648,4.453,428
"Gadidae","Pollachius virens","Pollachius virens 428 220",3,1.73205080756888,0.436112853472331,4.453,428
"Gadidae","Pollachius virens","Pollachius virens 428 231",16,4,0.00224899944079102,4.453,428
"Gadidae","Pollachius virens","Pollachius virens 428 232",16,4,0.0138836177561704,4.453,428
"Gadidae","Pollachius virens","Pollachius virens 428 233",17,4.12310562561766,0.0101235487559715,4.453,428
"Gadidae","Pollachius virens","Pollachius virens 428 234",7,2.64575131106459,-0.0229368305171711,4.453,428
"Gadidae","Pollachius virens","Pollachius virens 428 235",17,4.12310562561766,-0.0137674704690859,4.453,428
"Gadidae","Pollachius virens","Pollachius virens 428 236",8,2.82842712474619,0.00141021314440481,4.453,428
"Gadidae","Pollachius virens","Pollachius virens 428 237",8,2.82842712474619,0.0133502543478499,4.453,428
"Gadidae","Pollachius virens","Pollachius virens 428 238",14,3.74165738677394,0.0222230953835544,4.453,428
"Gadidae","Pollachius virens","Pollachius virens 428 239",5,2.23606797749979,0.138415506155549,4.453,428
"Gadidae","Pollachius virens","Pollachius virens 428 249",3,1.73205080756888,-0.06661733875266,4.453,428
"Gadidae","Pollachius virens","Pollachius virens 428 25",8,2.82842712474619,-0.0823538018249393,4.453,428
"Gadidae","Pollachius virens","Pollachius virens 428 251",4,2,0.0388013823072403,4.453,428
"Gadidae","Pollachius virens","Pollachius virens 428 252",9,3,-0.00250462763596371,4.453,428
"Gadidae","Pollachius virens","Pollachius virens 428 253",8,2.82842712474619,0.0237166125388721,4.453,428
"Gadidae","Pollachius virens","Pollachius virens 428 254",6,2.44948974278318,-0.0290843540063165,4.453,428
"Gadidae","Pollachius virens","Pollachius virens 428 256",3,1.73205080756888,-0.102994526436063,4.453,428
"Gadidae","Pollachius virens","Pollachius virens 428 257",5,2.23606797749979,-0.0061695858163246,4.453,428
"Gadidae","Pollachius virens","Pollachius virens 428 258",3,1.73205080756888,0.37318453537145,4.453,428
"Gadidae","Pollachius virens","Pollachius virens 428 271",4,2,0.0312201338005732,4.453,428
"Gadidae","Pollachius virens","Pollachius virens 428 272",5,2.23606797749979,-0.197561619000619,4.453,428
"Gadidae","Pollachius virens","Pollachius virens 428 274",3,1.73205080756888,0.102441585525009,4.453,428
"Gadidae","Pollachius virens","Pollachius virens 428 291",8,2.82842712474619,-0.00224397306060681,4.453,428
"Gadidae","Pollachius virens","Pollachius virens 428 292",10,3.16227766016838,0.0208481042018413,4.453,428
"Gadidae","Pollachius virens","Pollachius virens 428 293",5,2.23606797749979,-0.057033976362367,4.453,428
"Gadidae","Pollachius virens","Pollachius virens 428 295",6,2.44948974278318,0.0270207802531897,4.453,428
"Gadidae","Pollachius virens","Pollachius virens 428 3",7,2.64575131106459,0.0148960729791882,4.453,428
"Gadidae","Pollachius virens","Pollachius virens 428 30",6,2.44948974278318,-0.0268427268884691,4.453,428
"Gadidae","Pollachius virens","Pollachius virens 428 31",26,5.09901951359278,0.000572579136453469,4.453,428
"Gadidae","Pollachius virens","Pollachius virens 428 32",10,3.16227766016838,0.0498568409748429,4.453,428
"Gadidae","Pollachius virens","Pollachius virens 428 321",5,2.23606797749979,-0.0220234510228207,4.453,428
"Gadidae","Pollachius virens","Pollachius virens 428 322",7,2.64575131106459,-0.0153992555138613,4.453,428
"Gadidae","Pollachius virens","Pollachius virens 428 326",4,2,0.00960512273212382,4.453,428
"Gadidae","Pollachius virens","Pollachius virens 428 327",4,2,-0.167330677290839,4.453,428
"Gadidae","Pollachius virens","Pollachius virens 428 328",3,1.73205080756888,-0.140282929437391,4.453,428
"Gadidae","Pollachius virens","Pollachius virens 428 341",6,2.44948974278318,0,4.453,428
"Gadidae","Pollachius virens","Pollachius virens 428 342",7,2.64575131106459,0.0106143563139837,4.453,428
"Gadidae","Pollachius virens","Pollachius virens 428 343",12,3.46410161513775,-0.015477626973622,4.453,428
"Gadidae","Pollachius virens","Pollachius virens 428 344",8,2.82842712474619,0.0168126738999094,4.453,428
"Gadidae","Pollachius virens","Pollachius virens 428 345",7,2.64575131106459,0.0145653072486812,4.453,428
"Gadidae","Pollachius virens","Pollachius virens 428 346",5,2.23606797749979,0,4.453,428
"Gadidae","Pollachius virens","Pollachius virens 428 347",3,1.73205080756888,0.327326835354042,4.453,428
"Gadidae","Pollachius virens","Pollachius virens 428 348",9,3,-0.0155651847701968,4.453,428
"Gadidae","Pollachius virens","Pollachius virens 428 349",3,1.73205080756888,-0.111397458578087,4.453,428
"Gadidae","Pollachius virens","Pollachius virens 428 381",4,2,0.141240576760224,4.453,428
"Gadidae","Pollachius virens","Pollachius virens 428 383",3,1.73205080756888,0.397359707119552,4.453,428
"Gadidae","Pollachius virens","Pollachius virens 428 384",11,3.3166247903554,0.004957471747843,4.453,428
"Gadidae","Pollachius virens","Pollachius virens 428 385",5,2.23606797749979,-0.101373394881875,4.453,428
"Gadidae","Pollachius virens","Pollachius virens 428 4",6,2.44948974278318,-0.0222877142313393,4.453,428
"Gadidae","Pollachius virens","Pollachius virens 428 403",3,1.73205080756888,0.0328870406500426,4.453,428
"Gadidae","Pollachius virens","Pollachius virens 428 405",4,2,0,4.453,428
"Gadidae","Pollachius virens","Pollachius virens 428 5",8,2.82842712474619,0.0746523907375242,4.453,428
"Gadidae","Pollachius virens","Pollachius virens 428 56",16,4,0.00251076210589104,4.453,428
"Gadidae","Pollachius virens","Pollachius virens 428 57",14,3.74165738677394,-0.00832875747831365,4.453,428
"Gadidae","Pollachius virens","Pollachius virens 428 58",12,3.46410161513775,-0.0278282474776163,4.453,428
"Gadidae","Pollachius virens","Pollachius virens 428 59",6,2.44948974278318,0.0272368845574018,4.453,428
"Gadidae","Pollachius virens","Pollachius virens 428 60",12,3.46410161513775,-0.0405469788269249,4.453,428
"Gadidae","Pollachius virens","Pollachius virens 428 62",4,2,0.10682250493348,4.453,428
"Gadidae","Pollachius virens","Pollachius virens 428 65",17,4.12310562561766,-0.00424243124522553,4.453,428
"Gadidae","Pollachius virens","Pollachius virens 428 66",23,4.79583152331272,0.0111223040525473,4.453,428
"Gadidae","Pollachius virens","Pollachius virens 428 67",12,3.46410161513775,-0.0159846909065712,4.453,428
"Gadidae","Pollachius virens","Pollachius virens 428 68",8,2.82842712474619,0.0440424703718372,4.453,428
"Gadidae","Pollachius virens","Pollachius virens 428 81",12,3.46410161513775,0.0398068430926776,4.453,428
"Gadidae","Pollachius virens","Pollachius virens 428 82",26,5.09901951359278,0.0115301513903839,4.453,428
"Gadidae","Pollachius virens","Pollachius virens 428 83",9,3,-0.000689243343395576,4.453,428
"Gadidae","Pollachius virens","Pollachius virens 428 84",3,1.73205080756888,0.201677148826519,4.453,428
"Gadidae","Pollachius virens","Pollachius virens 428 85",11,3.3166247903554,0.0255110624262056,4.453,428
"Gadidae","Pollachius virens","Pollachius virens 428 86",7,2.64575131106459,0.0526993307235092,4.453,428
"Gadidae","Pollachius virens","Pollachius virens 428 91",10,3.16227766016838,-0.00398470114668692,4.453,428
"Gadidae","Pollachius virens","Pollachius virens 428 92",6,2.44948974278318,-0.0209858000264996,4.453,428
"Gadidae","Pollachius virens","Pollachius virens 428 93",23,4.79583152331272,0.00649325450338095,4.453,428
"Gadidae","Pollachius virens","Pollachius virens 428 94",26,5.09901951359278,0.00810475746413894,4.453,428
"Gadidae","Pollachius virens","Pollachius virens 428 95",14,3.74165738677394,-0.00973853860408676,4.453,428
"Gadidae","Pollachius virens","Pollachius virens 428 96",12,3.46410161513775,0.0132457419202644,4.453,428
"Gadidae","Pollachius virens","Pollachius virens 428 97",19,4.35889894354067,0.00610791722441445,4.453,428
"Gadidae","Pollachius virens","Pollachius virens 428 98",12,3.46410161513775,0.0248249732309728,4.453,428
"Gadidae","Pollachius virens","Pollachius virens 428 99",6,2.44948974278318,0.0413459467084231,4.453,428
"Gadidae","Pollachius virens","Pollachius virens 466 NA",23,4.79583152331272,-0.0581913113953656,4.453,466
"Pleuronectidae","Pseudopleuronectes americanus","Pseudopleuronectes americanus 119 NA",41,6.40312423743285,0.00107575675751634,0,119
"Pleuronectidae","Pseudopleuronectes americanus","Pseudopleuronectes americanus 123 NA",10,3.16227766016838,0.165086217207614,0,123
"Pleuronectidae","Pseudopleuronectes americanus","Pseudopleuronectes americanus 124 NA",3,1.73205080756888,0,0,124
"Pleuronectidae","Pseudopleuronectes americanus","Pseudopleuronectes americanus 180 NA",25,5,0.113361218340793,0,180
"Pleuronectidae","Pseudopleuronectes americanus","Pseudopleuronectes americanus 182 NA",19,4.35889894354067,0.0213705324230545,0,182
"Pleuronectidae","Pseudopleuronectes americanus","Pseudopleuronectes americanus 213 NA",48,6.92820323027551,0.0244585036787775,0,213
"Pleuronectidae","Pseudopleuronectes americanus","Pseudopleuronectes americanus 288 NA",26,5.09901951359278,-0.00770639090463209,0,288
"Scombridae","Scomber scombrus","Scomber scombrus 113 NA",3,1.73205080756888,0,0,113
"Scombridae","Scomber scombrus","Scomber scombrus 119 NA",41,6.40312423743285,0.0302762760747359,0,119
"Scombridae","Scomber scombrus","Scomber scombrus 123 NA",10,3.16227766016838,-0.00785861916536981,0,123
"Scombridae","Scomber scombrus","Scomber scombrus 180 NA",25,5,0.042142423494127,0,180
"Scombridae","Scomber scombrus","Scomber scombrus 213 NA",48,6.92820323027551,0.0274643035519667,0,213
"Scombridae","Scomber scombrus","Scomber scombrus 288 NA",24,4.89897948556636,0.0305108387910673,0,288
"Scombridae","Scomber scombrus","Scomber scombrus 428 111",7,2.64575131106459,-0.0561568054446901,0,428
"Scombridae","Scomber scombrus","Scomber scombrus 428 112",7,2.64575131106459,-0.00584613604144568,0,428
"Scombridae","Scomber scombrus","Scomber scombrus 428 113",3,1.73205080756888,0.03835164555919,0,428
"Scombridae","Scomber scombrus","Scomber scombrus 428 121",5,2.23606797749979,0.00535465125585449,0,428
"Scombridae","Scomber scombrus","Scomber scombrus 428 122",4,2,-0.0125621992005874,0,428
"Scombridae","Scomber scombrus","Scomber scombrus 428 126",3,1.73205080756888,-0.00586810287892372,0,428
"Scombridae","Scomber scombrus","Scomber scombrus 428 130",3,1.73205080756888,-0.145641866329418,0,428
"Scombridae","Scomber scombrus","Scomber scombrus 428 141",3,1.73205080756888,0.364741927005911,0,428
"Scombridae","Scomber scombrus","Scomber scombrus 428 147",3,1.73205080756888,-0.0714285714285714,0,428
"Scombridae","Scomber scombrus","Scomber scombrus 428 15",5,2.23606797749979,0.00717719635931193,0,428
"Scombridae","Scomber scombrus","Scomber scombrus 428 152",4,2,0.037021616847391,0,428
"Scombridae","Scomber scombrus","Scomber scombrus 428 161",5,2.23606797749979,-0.00257104317134075,0,428
"Scombridae","Scomber scombrus","Scomber scombrus 428 164",7,2.64575131106459,-0.0140934322450405,0,428
"Scombridae","Scomber scombrus","Scomber scombrus 428 17",4,2,0.0102099184014493,0,428
"Scombridae","Scomber scombrus","Scomber scombrus 428 174",3,1.73205080756888,0.110694976423576,0,428
"Scombridae","Scomber scombrus","Scomber scombrus 428 179",4,2,-0.0867352585926333,0,428
"Scombridae","Scomber scombrus","Scomber scombrus 428 191",3,1.73205080756888,-0.14218327524819,0,428
"Scombridae","Scomber scombrus","Scomber scombrus 428 195",3,1.73205080756888,0.00945442580550699,0,428
"Scombridae","Scomber scombrus","Scomber scombrus 428 197",5,2.23606797749979,-0.0746812660054276,0,428
"Scombridae","Scomber scombrus","Scomber scombrus 428 198",5,2.23606797749979,-0.0259687927084779,0,428
"Scombridae","Scomber scombrus","Scomber scombrus 428 199",4,2,-0.0432219376407316,0,428
"Scombridae","Scomber scombrus","Scomber scombrus 428 20",6,2.44948974278318,0.0279145036540866,0,428
"Scombridae","Scomber scombrus","Scomber scombrus 428 202",5,2.23606797749979,0.0214516114841319,0,428
"Scombridae","Scomber scombrus","Scomber scombrus 428 211",3,1.73205080756888,0,0,428
"Scombridae","Scomber scombrus","Scomber scombrus 428 233",6,2.44948974278318,0.0508059769996978,0,428
"Scombridae","Scomber scombrus","Scomber scombrus 428 238",3,1.73205080756888,-0.0260414602539748,0,428
"Scombridae","Scomber scombrus","Scomber scombrus 428 252",3,1.73205080756888,-0.0194444029107191,0,428
"Scombridae","Scomber scombrus","Scomber scombrus 428 254",4,2,-0.0312179958428521,0,428
"Scombridae","Scomber scombrus","Scomber scombrus 428 257",4,2,-0.00494648800382947,0,428
"Scombridae","Scomber scombrus","Scomber scombrus 428 271",8,2.82842712474619,-0.00257160241499685,0,428
"Scombridae","Scomber scombrus","Scomber scombrus 428 274",3,1.73205080756888,-0.0972578229585438,0,428
"Scombridae","Scomber scombrus","Scomber scombrus 428 291",5,2.23606797749979,-0.0207200403247244,0,428
"Scombridae","Scomber scombrus","Scomber scombrus 428 292",5,2.23606797749979,-0.0219146916314197,0,428
"Scombridae","Scomber scombrus","Scomber scombrus 428 293",4,2,0,0,428
"Scombridae","Scomber scombrus","Scomber scombrus 428 295",7,2.64575131106459,-0.0207677850908566,0,428
"Scombridae","Scomber scombrus","Scomber scombrus 428 299",7,2.64575131106459,0.0271133679690873,0,428
"Scombridae","Scomber scombrus","Scomber scombrus 428 3",4,2,0.0603363006923835,0,428
"Scombridae","Scomber scombrus","Scomber scombrus 428 300",3,1.73205080756888,-0.136740853229116,0,428
"Scombridae","Scomber scombrus","Scomber scombrus 428 302",4,2,-0.130872396981485,0,428
"Scombridae","Scomber scombrus","Scomber scombrus 428 304",5,2.23606797749979,0.111325723070154,0,428
"Scombridae","Scomber scombrus","Scomber scombrus 428 307",4,2,-0.171334348780294,0,428
"Scombridae","Scomber scombrus","Scomber scombrus 428 308",6,2.44948974278318,0.0546472813271407,0,428
"Scombridae","Scomber scombrus","Scomber scombrus 428 322",3,1.73205080756888,0.0424032165010362,0,428
"Scombridae","Scomber scombrus","Scomber scombrus 428 342",4,2,-0.00919300328316934,0,428
"Scombridae","Scomber scombrus","Scomber scombrus 428 345",4,2,0.0156569822889815,0,428
"Scombridae","Scomber scombrus","Scomber scombrus 428 361",3,1.73205080756888,0.0394841385826448,0,428
"Scombridae","Scomber scombrus","Scomber scombrus 428 362",3,1.73205080756888,0.00399090047826371,0,428
"Scombridae","Scomber scombrus","Scomber scombrus 428 382",3,1.73205080756888,-0.19946411165634,0,428
"Scombridae","Scomber scombrus","Scomber scombrus 428 386",4,2,0.00465116279069756,0,428
"Scombridae","Scomber scombrus","Scomber scombrus 428 403",3,1.73205080756888,-0.0729538125087418,0,428
"Scombridae","Scomber scombrus","Scomber scombrus 428 66",9,3,-0.00739987348306755,0,428
"Scombridae","Scomber scombrus","Scomber scombrus 428 68",7,2.64575131106459,-0.081998568942202,0,428
"Scombridae","Scomber scombrus","Scomber scombrus 428 83",4,2,-0.0574112299002877,0,428
"Scombridae","Scomber scombrus","Scomber scombrus 428 91",3,1.73205080756888,0.283473354756952,0,428
"Scombridae","Scomber scombrus","Scomber scombrus 428 92",7,2.64575131106459,-0.0343996798954584,0,428
"Scombridae","Scomber scombrus","Scomber scombrus 428 94",4,2,0.00398339480036576,0,428
"Scombridae","Scomber scombrus","Scomber scombrus 428 95",4,2,-0.0108775652081132,0,428
"Scombridae","Scomber scombrus","Scomber scombrus 428 96",6,2.44948974278318,-0.0102081290656761,0,428
"Scombridae","Scomber scombrus","Scomber scombrus 428 97",4,2,-0.00914100195243765,0,428
"Scophthalmidae","Scophthalmus aquosus","Scophthalmus aquosus 112 NA",7,2.64575131106459,0.262006432477621,0,112
"Scophthalmidae","Scophthalmus aquosus","Scophthalmus aquosus 119 NA",32,5.65685424949238,0.00157456712160239,0,119
"Scophthalmidae","Scophthalmus aquosus","Scophthalmus aquosus 123 NA",10,3.16227766016838,-0.0168352655205001,0,123
"Scophthalmidae","Scophthalmus aquosus","Scophthalmus aquosus 124 NA",3,1.73205080756888,0,0,124
"Scophthalmidae","Scophthalmus aquosus","Scophthalmus aquosus 128 NA",5,2.23606797749979,0,0,128
"Scophthalmidae","Scophthalmus aquosus","Scophthalmus aquosus 176 NA",3,1.73205080756888,-0.320109761582754,0,176
"Scophthalmidae","Scophthalmus aquosus","Scophthalmus aquosus 180 NA",25,5,0.0380353525174254,0,180
"Scophthalmidae","Scophthalmus aquosus","Scophthalmus aquosus 212 NA",7,2.64575131106459,0.262006432477621,0,212
"Scophthalmidae","Scophthalmus aquosus","Scophthalmus aquosus 213 NA",48,6.92820323027551,0.0111666354844455,0,213
"Scophthalmidae","Scophthalmus aquosus","Scophthalmus aquosus 227 NA",4,2,0.0120632762102233,0,227
"Scophthalmidae","Scophthalmus aquosus","Scophthalmus aquosus 287 NA",4,2,0.6,0,287
"Scophthalmidae","Scophthalmus aquosus","Scophthalmus aquosus 288 NA",22,4.69041575982343,-0.021541877336868,0,288
"Squalidae","Squalus acanthias","Squalus acanthias 112 NA",3,1.73205080756888,0.74061289665188,0,112
"Squalidae","Squalus acanthias","Squalus acanthias 119 NA",41,6.40312423743285,0.0121786120060203,0,119
"Squalidae","Squalus acanthias","Squalus acanthias 123 NA",10,3.16227766016838,0.228614024000121,0,123
"Squalidae","Squalus acanthias","Squalus acanthias 163 NA",12,3.46410161513775,-0.184642170812732,0,163
"Squalidae","Squalus acanthias","Squalus acanthias 178 NA",38,6.16441400296898,0,0,178
"Squalidae","Squalus acanthias","Squalus acanthias 180 NA",25,5,0.113210984444651,0,180
"Squalidae","Squalus acanthias","Squalus acanthias 212 NA",3,1.73205080756888,0.74061289665188,0,212
"Squalidae","Squalus acanthias","Squalus acanthias 213 NA",48,6.92820323027551,0.035284187409514,0,213
"Squalidae","Squalus acanthias","Squalus acanthias 288 NA",14,3.74165738677394,-0.017299091404774,0,288
"Squalidae","Squalus acanthias","Squalus acanthias 466 NA",23,4.79583152331272,-0.0540162870304033,0,466
"Phycidae","Urophycis chuss","Urophycis chuss 119 NA",39,6.2449979983984,0.0118827692947854,3.006,119
"Phycidae","Urophycis chuss","Urophycis chuss 123 NA",10,3.16227766016838,-0.118397506107561,3.006,123
"Phycidae","Urophycis chuss","Urophycis chuss 128 NA",4,2,0,3.006,128
"Phycidae","Urophycis chuss","Urophycis chuss 180 NA",25,5,0.0353057356817192,3.006,180
"Phycidae","Urophycis chuss","Urophycis chuss 213 NA",48,6.92820323027551,-0.0191162206545797,3.006,213
"Phycidae","Urophycis chuss","Urophycis chuss 287 NA",3,1.73205080756888,-0.622445658887748,3.006,287
"Phycidae","Urophycis chuss","Urophycis chuss 288 NA",27,5.19615242270663,0.0683137951483103,3.006,288
"Phycidae","Urophycis regia","Urophycis regia 112 NA",8,2.82842712474619,-0.258432254764858,0,112
"Phycidae","Urophycis regia","Urophycis regia 119 NA",7,2.64575131106459,-0.150506811108467,0,119
"Phycidae","Urophycis regia","Urophycis regia 123 NA",8,2.82842712474619,0.160917214080739,0,123
"Phycidae","Urophycis regia","Urophycis regia 126 NA",5,2.23606797749979,0.383106473392211,0,126
"Phycidae","Urophycis regia","Urophycis regia 180 NA",25,5,-0.0229852564651754,0,180
"Phycidae","Urophycis regia","Urophycis regia 212 NA",8,2.82842712474619,-0.258432254764858,0,212
"Phycidae","Urophycis regia","Urophycis regia 213 NA",47,6.85565460040104,0.0231567478181353,0,213
"Phycidae","Urophycis regia","Urophycis regia 227 NA",4,2,-0.102660395592655,0,227
"Phycidae","Urophycis regia","Urophycis regia 288 NA",5,2.23606797749979,0.0302755819003838,0,288
"Phycidae","Urophycis tenuis","Urophycis tenuis 119 NA",41,6.40312423743285,-0.0242467785809376,3.674,119
"Phycidae","Urophycis tenuis","Urophycis tenuis 123 NA",10,3.16227766016838,0.207704911014236,3.674,123
"Phycidae","Urophycis tenuis","Urophycis tenuis 180 NA",25,5,0.0355125224339244,3.674,180
"Phycidae","Urophycis tenuis","Urophycis tenuis 213 NA",48,6.92820323027551,-0.0142503521201757,3.674,213
"Phycidae","Urophycis tenuis","Urophycis tenuis 288 NA",27,5.19615242270663,0.0194402730517193,3.674,288
"Zoarcidae","Zoarces americanus","Zoarces americanus 119 NA",41,6.40312423743285,-0.0130908814089337,2.783,119
"Zoarcidae","Zoarces americanus","Zoarces americanus 123 NA",10,3.16227766016838,0.219259691315124,2.783,123
"Zoarcidae","Zoarces americanus","Zoarces americanus 180 NA",25,5,0.0702345417819947,2.783,180
"Zoarcidae","Zoarces americanus","Zoarces americanus 213 NA",48,6.92820323027551,0.0202889755301647,2.783,213
"Zoarcidae","Zoarces americanus","Zoarces americanus 288 NA",26,5.09901951359278,0.0195935241632792,2.783,288
"Squalidae","Squalus acanthias","Squalus acanthias 278 NA",19,4.35889894354067,0,0,278
"Squalidae","Squalus acanthias","Squalus acanthias 284 NA",3,1.73205080756888,0.648051969598015,0,284
